{
    "MSE": 0.005105277989059687,
    "MAE": 0.050850462168455124,
    "R2": 0.9792251894381018
}