{
    "R2_mean": 0.9651,
    "R2_std": 0.0089,
    "MAE_mean": 0.0644,
    "MAE_std": 0.0082,
    "MSE_mean": 0.008654,
    "MSE_std": 0.002215,
    "runs": 50
}