{
    "MSE": 0.001043096650391817,
    "MAE": 0.023849308490753174,
    "R2": 0.8486351432196259
}