{
    "R2_mean": 0.7071,
    "R2_std": 0.1372,
    "MAE_mean": 0.0316,
    "MAE_std": 0.0072,
    "MSE_mean": 0.002034,
    "MSE_std": 0.000954,
    "runs": 50
}